{
    "ZOOKEEPER": {
        "MAP": 0.09348119595552652,
        "MRR": 0.23886331732688593,
        "Top@N": {
            "1": {
                "fraction": 0.125,
                "count": 1
            },
            "3": {
                "fraction": 0.25,
                "count": 2
            },
            "5": {
                "fraction": 0.25,
                "count": 2
            },
            "10": {
                "fraction": 0.25,
                "count": 2
            }
        },
        "total_cases": 8
    },
    "AMQ": {
        "MAP": 0.06339153793330131,
        "MRR": 0.13548743748511316,
        "Top@N": {
            "1": {
                "fraction": 0.05714285714285714,
                "count": 2
            },
            "3": {
                "fraction": 0.11428571428571428,
                "count": 4
            },
            "5": {
                "fraction": 0.2,
                "count": 7
            },
            "10": {
                "fraction": 0.34285714285714286,
                "count": 12
            }
        },
        "total_cases": 35
    },
    "HADOOP": {
        "MAP": 0.1256817068337544,
        "MRR": 0.18915772180647095,
        "Top@N": {
            "1": {
                "fraction": 0.10526315789473684,
                "count": 4
            },
            "3": {
                "fraction": 0.15789473684210525,
                "count": 6
            },
            "5": {
                "fraction": 0.23684210526315788,
                "count": 9
            },
            "10": {
                "fraction": 0.2631578947368421,
                "count": 10
            }
        },
        "total_cases": 38
    },
    "HDFS": {
        "MAP": 0.09587129997613299,
        "MRR": 0.16127320899522402,
        "Top@N": {
            "1": {
                "fraction": 0.0821917808219178,
                "count": 6
            },
            "3": {
                "fraction": 0.1643835616438356,
                "count": 12
            },
            "5": {
                "fraction": 0.2328767123287671,
                "count": 17
            },
            "10": {
                "fraction": 0.3013698630136986,
                "count": 22
            }
        },
        "total_cases": 73
    },
    "HIVE": {
        "MAP": 0.1274888619999663,
        "MRR": 0.20857785728377473,
        "Top@N": {
            "1": {
                "fraction": 0.14166666666666666,
                "count": 17
            },
            "3": {
                "fraction": 0.2,
                "count": 24
            },
            "5": {
                "fraction": 0.25,
                "count": 30
            },
            "10": {
                "fraction": 0.275,
                "count": 33
            }
        },
        "total_cases": 120
    },
    "MAPREDUCE": {
        "MAP": 0.07268644519440313,
        "MRR": 0.1290388588788584,
        "Top@N": {
            "1": {
                "fraction": 0.06153846153846154,
                "count": 4
            },
            "3": {
                "fraction": 0.09230769230769231,
                "count": 6
            },
            "5": {
                "fraction": 0.13846153846153847,
                "count": 9
            },
            "10": {
                "fraction": 0.16923076923076924,
                "count": 11
            }
        },
        "total_cases": 65
    },
    "STORM": {
        "MAP": 0.028851019629194532,
        "MRR": 0.11762389952623452,
        "Top@N": {
            "1": {
                "fraction": 0.08333333333333333,
                "count": 3
            },
            "3": {
                "fraction": 0.1111111111111111,
                "count": 4
            },
            "5": {
                "fraction": 0.1388888888888889,
                "count": 5
            },
            "10": {
                "fraction": 0.1388888888888889,
                "count": 5
            }
        },
        "total_cases": 36
    },
    "YARN": {
        "MAP": 0.1243416481877309,
        "MRR": 0.21352155550370708,
        "Top@N": {
            "1": {
                "fraction": 0.1282051282051282,
                "count": 15
            },
            "3": {
                "fraction": 0.23076923076923078,
                "count": 27
            },
            "5": {
                "fraction": 0.2905982905982906,
                "count": 34
            },
            "10": {
                "fraction": 0.358974358974359,
                "count": 42
            }
        },
        "total_cases": 117
    },
    "Overall": {
        "overall_metrics": {
            "MAP": 0.10233933958434516,
            "MRR": 0.17936434067875656,
            "Top@N": {
                "1": 0.10569105691056911,
                "3": 0.17276422764227642,
                "5": 0.22967479674796748,
                "10": 0.2784552845528455
            }
        },
        "top@N_value_counts": {
            "Top-1": 52,
            "Top-3": 85,
            "Top-5": 113,
            "Top-10": 137
        },
        "total_cases": 492
    }
}